Comparison,Mean_RMSE_A,Mean_RMSE_B,t_statistic,p_value,Result_at_alpha_0_05
Linear Regression vs Decision Tree,4.142271310997608,1.6720481220389503,30.5006443324846,6.883500282955435e-06,significant
Linear Regression vs Random Forest,4.142271310997608,1.4094954532912354,49.09890734635837,1.0295889598386195e-06,significant
Decision Tree vs Random Forest,1.6720481220389503,1.4094954532912354,5.23338310223733,0.006368953587121555,significant
